year,population_1jan_persons,gdp_const2015_usd,gdp_pc_const2015_usd,record_type,source
1995,109367384,154601400724.996,1413.596952,observed,"Population: UN WPP 2024 (1 January); GDP: WDI NY.GDP.MKTP.KD. File: raw_data/Base_Macro-Economic_and_Demographic_Data_Projections.xlsx, sheet 1, cols A, C, N, P"
1996,112271472,161088358074.5,1434.811134,observed,"Population: UN WPP 2024 (1 January); GDP: WDI NY.GDP.MKTP.KD. File: raw_data/Base_Macro-Economic_and_Demographic_Data_Projections.xlsx, sheet 1, cols A, C, N, P"
1997,115238085,165819683303.955,1438.931264,observed,"Population: UN WPP 2024 (1 January); GDP: WDI NY.GDP.MKTP.KD. File: raw_data/Base_Macro-Economic_and_Demographic_Data_Projections.xlsx, sheet 1, cols A, C, N, P"
1998,118271498,170099910681.009,1438.215577,observed,"Population: UN WPP 2024 (1 January); GDP: WDI NY.GDP.MKTP.KD. File: raw_data/Base_Macro-Economic_and_Demographic_Data_Projections.xlsx, sheet 1, cols A, C, N, P"
1999,121421011,171093510004.065,1409.09311,observed,"Population: UN WPP 2024 (1 January); GDP: WDI NY.GDP.MKTP.KD. File: raw_data/Base_Macro-Economic_and_Demographic_Data_Projections.xlsx, sheet 1, cols A, C, N, P"
2000,124673629,179675448843.378,1441.16643,observed,"Population: UN WPP 2024 (1 January); GDP: WDI NY.GDP.MKTP.KD. File: raw_data/Base_Macro-Economic_and_Demographic_Data_Projections.xlsx, sheet 1, cols A, C, N, P"
2001,128091359,190308075298.043,1485.721416,observed,"Population: UN WPP 2024 (1 January); GDP: WDI NY.GDP.MKTP.KD. File: raw_data/Base_Macro-Economic_and_Demographic_Data_Projections.xlsx, sheet 1, cols A, C, N, P"
2002,131633830,219480696548.107,1667.357825,observed,"Population: UN WPP 2024 (1 January); GDP: WDI NY.GDP.MKTP.KD. File: raw_data/Base_Macro-Economic_and_Demographic_Data_Projections.xlsx, sheet 1, cols A, C, N, P"
2003,135310147,235606371240.474,1741.232099,observed,"Population: UN WPP 2024 (1 January); GDP: WDI NY.GDP.MKTP.KD. File: raw_data/Base_Macro-Economic_and_Demographic_Data_Projections.xlsx, sheet 1, cols A, C, N, P"
2004,139095142,257401275803.854,1850.541091,observed,"Population: UN WPP 2024 (1 January); GDP: WDI NY.GDP.MKTP.KD. File: raw_data/Base_Macro-Economic_and_Demographic_Data_Projections.xlsx, sheet 1, cols A, C, N, P"
2005,143018948,273974099482.97,1915.648963,observed,"Population: UN WPP 2024 (1 January); GDP: WDI NY.GDP.MKTP.KD. File: raw_data/Base_Macro-Economic_and_Demographic_Data_Projections.xlsx, sheet 1, cols A, C, N, P"
2006,147015559,290575362867.529,1976.49395,observed,"Population: UN WPP 2024 (1 January); GDP: WDI NY.GDP.MKTP.KD. File: raw_data/Base_Macro-Economic_and_Demographic_Data_Projections.xlsx, sheet 1, cols A, C, N, P"
2007,151139108,309727563830.114,2049.288023,observed,"Population: UN WPP 2024 (1 January); GDP: WDI NY.GDP.MKTP.KD. File: raw_data/Base_Macro-Economic_and_Demographic_Data_Projections.xlsx, sheet 1, cols A, C, N, P"
2008,155395414,330679000570.877,2127.984295,observed,"Population: UN WPP 2024 (1 January); GDP: WDI NY.GDP.MKTP.KD. File: raw_data/Base_Macro-Economic_and_Demographic_Data_Projections.xlsx, sheet 1, cols A, C, N, P"
2009,159794614,357255424171.506,2235.716306,observed,"Population: UN WPP 2024 (1 January); GDP: WDI NY.GDP.MKTP.KD. File: raw_data/Base_Macro-Economic_and_Demographic_Data_Projections.xlsx, sheet 1, cols A, C, N, P"
2010,164304314,385856064172.751,2348.423208,observed,"Population: UN WPP 2024 (1 January); GDP: WDI NY.GDP.MKTP.KD. File: raw_data/Base_Macro-Economic_and_Demographic_Data_Projections.xlsx, sheet 1, cols A, C, N, P"
2011,168981457,406337011591.485,2404.624855,observed,"Population: UN WPP 2024 (1 January); GDP: WDI NY.GDP.MKTP.KD. File: raw_data/Base_Macro-Economic_and_Demographic_Data_Projections.xlsx, sheet 1, cols A, C, N, P"
2012,173777738,423525315758.166,2437.166697,observed,"Population: UN WPP 2024 (1 January); GDP: WDI NY.GDP.MKTP.KD. File: raw_data/Base_Macro-Economic_and_Demographic_Data_Projections.xlsx, sheet 1, cols A, C, N, P"
2013,178623511,451780110047.004,2529.230937,observed,"Population: UN WPP 2024 (1 January); GDP: WDI NY.GDP.MKTP.KD. File: raw_data/Base_Macro-Economic_and_Demographic_Data_Projections.xlsx, sheet 1, cols A, C, N, P"
2014,183475375,480286163931.207,2617.714578,observed,"Population: UN WPP 2024 (1 January); GDP: WDI NY.GDP.MKTP.KD. File: raw_data/Base_Macro-Economic_and_Demographic_Data_Projections.xlsx, sheet 1, cols A, C, N, P"
2015,188318455,493026682800.63,2618.047619,observed,"Population: UN WPP 2024 (1 January); GDP: WDI NY.GDP.MKTP.KD. File: raw_data/Base_Macro-Economic_and_Demographic_Data_Projections.xlsx, sheet 1, cols A, C, N, P"
2016,193025301,485055087455.971,2512.90937,observed,"Population: UN WPP 2024 (1 January); GDP: WDI NY.GDP.MKTP.KD. File: raw_data/Base_Macro-Economic_and_Demographic_Data_Projections.xlsx, sheet 1, cols A, C, N, P"
2017,197862099,488964081501.001,2471.236705,observed,"Population: UN WPP 2024 (1 January); GDP: WDI NY.GDP.MKTP.KD. File: raw_data/Base_Macro-Economic_and_Demographic_Data_Projections.xlsx, sheet 1, cols A, C, N, P"
2018,202647058,498365674277.795,2459.279099,observed,"Population: UN WPP 2024 (1 January); GDP: WDI NY.GDP.MKTP.KD. File: raw_data/Base_Macro-Economic_and_Demographic_Data_Projections.xlsx, sheet 1, cols A, C, N, P"
2019,207230451,509371727741.802,2457.996522,observed,"Population: UN WPP 2024 (1 January); GDP: WDI NY.GDP.MKTP.KD. File: raw_data/Base_Macro-Economic_and_Demographic_Data_Projections.xlsx, sheet 1, cols A, C, N, P"
2020,211740831,476930359899.737,2252.425088,observed,"Population: UN WPP 2024 (1 January); GDP: WDI NY.GDP.MKTP.KD. File: raw_data/Base_Macro-Economic_and_Demographic_Data_Projections.xlsx, sheet 1, cols A, C, N, P"
2021,216251531,482220722032.144,2229.906627,observed,"Population: UN WPP 2024 (1 January); GDP: WDI NY.GDP.MKTP.KD. File: raw_data/Base_Macro-Economic_and_Demographic_Data_Projections.xlsx, sheet 1, cols A, C, N, P"
2022,220807042,503047012789.736,2278.219971,observed,"Population: UN WPP 2024 (1 January); GDP: WDI NY.GDP.MKTP.KD. File: raw_data/Base_Macro-Economic_and_Demographic_Data_Projections.xlsx, sheet 1, cols A, C, N, P"
2023,225494749,519727567204.567,2304.832239,observed,"Population: UN WPP 2024 (1 January); GDP: WDI NY.GDP.MKTP.KD. File: raw_data/Base_Macro-Economic_and_Demographic_Data_Projections.xlsx, sheet 1, cols A, C, N, P"
2024,230271141,540886022091.974,2348.909289,observed,"Population: UN WPP 2024 (1 January); GDP: WDI NY.GDP.MKTP.KD. File: raw_data/Base_Macro-Economic_and_Demographic_Data_Projections.xlsx, sheet 1, cols A, C, N, P"
2025,235087814,562593735122.067,2393.121641,observed,"Population: UN WPP 2024 (1 January); GDP: WDI NY.GDP.MKTP.KD. File: raw_data/Base_Macro-Economic_and_Demographic_Data_Projections.xlsx, sheet 1, cols A, C, N, P"
2026,239967749,590723421878,2461.678389,file projection (5%/yr GDP growth; not used by the model),"Population: UN WPP 2024 (1 January); GDP: WDI NY.GDP.MKTP.KD. File: raw_data/Base_Macro-Economic_and_Demographic_Data_Projections.xlsx, sheet 1, cols A, C, N, P"
2027,244895915,620259592972,2532.747812,file projection (5%/yr GDP growth; not used by the model),"Population: UN WPP 2024 (1 January); GDP: WDI NY.GDP.MKTP.KD. File: raw_data/Base_Macro-Economic_and_Demographic_Data_Projections.xlsx, sheet 1, cols A, C, N, P"
2028,249852610,651272572621,2606.627054,file projection (5%/yr GDP growth; not used by the model),"Population: UN WPP 2024 (1 January); GDP: WDI NY.GDP.MKTP.KD. File: raw_data/Base_Macro-Economic_and_Demographic_Data_Projections.xlsx, sheet 1, cols A, C, N, P"
2029,254839645,683836201252,2683.39803,file projection (5%/yr GDP growth; not used by the model),"Population: UN WPP 2024 (1 January); GDP: WDI NY.GDP.MKTP.KD. File: raw_data/Base_Macro-Economic_and_Demographic_Data_Projections.xlsx, sheet 1, cols A, C, N, P"
2030,259865631,718028011314,2763.074165,file projection (5%/yr GDP growth; not used by the model),"Population: UN WPP 2024 (1 January); GDP: WDI NY.GDP.MKTP.KD. File: raw_data/Base_Macro-Economic_and_Demographic_Data_Projections.xlsx, sheet 1, cols A, C, N, P"
2031,264896308,753929411880,2846.130313,file projection (5%/yr GDP growth; not used by the model),"Population: UN WPP 2024 (1 January); GDP: WDI NY.GDP.MKTP.KD. File: raw_data/Base_Macro-Economic_and_Demographic_Data_Projections.xlsx, sheet 1, cols A, C, N, P"
2032,269945841,791625882474,2932.535947,file projection (5%/yr GDP growth; not used by the model),"Population: UN WPP 2024 (1 January); GDP: WDI NY.GDP.MKTP.KD. File: raw_data/Base_Macro-Economic_and_Demographic_Data_Projections.xlsx, sheet 1, cols A, C, N, P"
2033,275021443,831207176598,3022.335886,file projection (5%/yr GDP growth; not used by the model),"Population: UN WPP 2024 (1 January); GDP: WDI NY.GDP.MKTP.KD. File: raw_data/Base_Macro-Economic_and_Demographic_Data_Projections.xlsx, sheet 1, cols A, C, N, P"
2034,280088787,872767535428,3116.038827,file projection (5%/yr GDP growth; not used by the model),"Population: UN WPP 2024 (1 January); GDP: WDI NY.GDP.MKTP.KD. File: raw_data/Base_Macro-Economic_and_Demographic_Data_Projections.xlsx, sheet 1, cols A, C, N, P"
2035,285156007,916405912199,3213.700184,file projection (5%/yr GDP growth; not used by the model),"Population: UN WPP 2024 (1 January); GDP: WDI NY.GDP.MKTP.KD. File: raw_data/Base_Macro-Economic_and_Demographic_Data_Projections.xlsx, sheet 1, cols A, C, N, P"
2036,290215518,962226207809,3315.557398,file projection (5%/yr GDP growth; not used by the model),"Population: UN WPP 2024 (1 January); GDP: WDI NY.GDP.MKTP.KD. File: raw_data/Base_Macro-Economic_and_Demographic_Data_Projections.xlsx, sheet 1, cols A, C, N, P"
2037,295263274,1010337518199,3421.819126,file projection (5%/yr GDP growth; not used by the model),"Population: UN WPP 2024 (1 January); GDP: WDI NY.GDP.MKTP.KD. File: raw_data/Base_Macro-Economic_and_Demographic_Data_Projections.xlsx, sheet 1, cols A, C, N, P"
2038,300283214,1060854394109,3532.846142,file projection (5%/yr GDP growth; not used by the model),"Population: UN WPP 2024 (1 January); GDP: WDI NY.GDP.MKTP.KD. File: raw_data/Base_Macro-Economic_and_Demographic_Data_Projections.xlsx, sheet 1, cols A, C, N, P"
2039,305281503,1113897113815,3648.754028,file projection (5%/yr GDP growth; not used by the model),"Population: UN WPP 2024 (1 January); GDP: WDI NY.GDP.MKTP.KD. File: raw_data/Base_Macro-Economic_and_Demographic_Data_Projections.xlsx, sheet 1, cols A, C, N, P"
2040,310248009,1169591969506,3769.861322,file projection (5%/yr GDP growth; not used by the model),"Population: UN WPP 2024 (1 January); GDP: WDI NY.GDP.MKTP.KD. File: raw_data/Base_Macro-Economic_and_Demographic_Data_Projections.xlsx, sheet 1, cols A, C, N, P"
2041,315172822,1228071567981,3896.502116,file projection (5%/yr GDP growth; not used by the model),"Population: UN WPP 2024 (1 January); GDP: WDI NY.GDP.MKTP.KD. File: raw_data/Base_Macro-Economic_and_Demographic_Data_Projections.xlsx, sheet 1, cols A, C, N, P"
2042,320041666,1289475146380,4029.08522,file projection (5%/yr GDP growth; not used by the model),"Population: UN WPP 2024 (1 January); GDP: WDI NY.GDP.MKTP.KD. File: raw_data/Base_Macro-Economic_and_Demographic_Data_Projections.xlsx, sheet 1, cols A, C, N, P"
2043,324858953,1353948903699,4167.805416,file projection (5%/yr GDP growth; not used by the model),"Population: UN WPP 2024 (1 January); GDP: WDI NY.GDP.MKTP.KD. File: raw_data/Base_Macro-Economic_and_Demographic_Data_Projections.xlsx, sheet 1, cols A, C, N, P"
2044,329628926,1421646348884,4312.868916,file projection (5%/yr GDP growth; not used by the model),"Population: UN WPP 2024 (1 January); GDP: WDI NY.GDP.MKTP.KD. File: raw_data/Base_Macro-Economic_and_Demographic_Data_Projections.xlsx, sheet 1, cols A, C, N, P"
2045,334337790,1492728666328,4464.732109,file projection (5%/yr GDP growth; not used by the model),"Population: UN WPP 2024 (1 January); GDP: WDI NY.GDP.MKTP.KD. File: raw_data/Base_Macro-Economic_and_Demographic_Data_Projections.xlsx, sheet 1, cols A, C, N, P"
2046,338987213,1567365099644,4623.670273,file projection (5%/yr GDP growth; not used by the model),"Population: UN WPP 2024 (1 January); GDP: WDI NY.GDP.MKTP.KD. File: raw_data/Base_Macro-Economic_and_Demographic_Data_Projections.xlsx, sheet 1, cols A, C, N, P"
2047,343576313,1645733354627,4790.008194,file projection (5%/yr GDP growth; not used by the model),"Population: UN WPP 2024 (1 January); GDP: WDI NY.GDP.MKTP.KD. File: raw_data/Base_Macro-Economic_and_Demographic_Data_Projections.xlsx, sheet 1, cols A, C, N, P"
2048,348111705,1728020022358,4963.981382,file projection (5%/yr GDP growth; not used by the model),"Population: UN WPP 2024 (1 January); GDP: WDI NY.GDP.MKTP.KD. File: raw_data/Base_Macro-Economic_and_Demographic_Data_Projections.xlsx, sheet 1, cols A, C, N, P"
2049,352583833,1814421023476,5146.069824,file projection (5%/yr GDP growth; not used by the model),"Population: UN WPP 2024 (1 January); GDP: WDI NY.GDP.MKTP.KD. File: raw_data/Base_Macro-Economic_and_Demographic_Data_Projections.xlsx, sheet 1, cols A, C, N, P"
2050,357001017,1905142074650,5336.51722,file projection (5%/yr GDP growth; not used by the model),"Population: UN WPP 2024 (1 January); GDP: WDI NY.GDP.MKTP.KD. File: raw_data/Base_Macro-Economic_and_Demographic_Data_Projections.xlsx, sheet 1, cols A, C, N, P"
2051,361370094,2000399178382,5535.596917,file projection (5%/yr GDP growth; not used by the model),"Population: UN WPP 2024 (1 January); GDP: WDI NY.GDP.MKTP.KD. File: raw_data/Base_Macro-Economic_and_Demographic_Data_Projections.xlsx, sheet 1, cols A, C, N, P"
2052,365677127,2100419137301,5743.917194,file projection (5%/yr GDP growth; not used by the model),"Population: UN WPP 2024 (1 January); GDP: WDI NY.GDP.MKTP.KD. File: raw_data/Base_Macro-Economic_and_Demographic_Data_Projections.xlsx, sheet 1, cols A, C, N, P"
2053,369930286,2205440094166,5961.772198,file projection (5%/yr GDP growth; not used by the model),"Population: UN WPP 2024 (1 January); GDP: WDI NY.GDP.MKTP.KD. File: raw_data/Base_Macro-Economic_and_Demographic_Data_Projections.xlsx, sheet 1, cols A, C, N, P"
2054,374117559,2315712098875,6189.797948,file projection (5%/yr GDP growth; not used by the model),"Population: UN WPP 2024 (1 January); GDP: WDI NY.GDP.MKTP.KD. File: raw_data/Base_Macro-Economic_and_Demographic_Data_Projections.xlsx, sheet 1, cols A, C, N, P"
2055,378237281,2431497703818,6428.498263,file projection (5%/yr GDP growth; not used by the model),"Population: UN WPP 2024 (1 January); GDP: WDI NY.GDP.MKTP.KD. File: raw_data/Base_Macro-Economic_and_Demographic_Data_Projections.xlsx, sheet 1, cols A, C, N, P"
2056,382299706,2553072589009,6678.19658,file projection (5%/yr GDP growth; not used by the model),"Population: UN WPP 2024 (1 January); GDP: WDI NY.GDP.MKTP.KD. File: raw_data/Base_Macro-Economic_and_Demographic_Data_Projections.xlsx, sheet 1, cols A, C, N, P"
2057,386301654,2680726218460,6939.463476,file projection (5%/yr GDP growth; not used by the model),"Population: UN WPP 2024 (1 January); GDP: WDI NY.GDP.MKTP.KD. File: raw_data/Base_Macro-Economic_and_Demographic_Data_Projections.xlsx, sheet 1, cols A, C, N, P"
2058,390234537,2814762529383,7213.002086,file projection (5%/yr GDP growth; not used by the model),"Population: UN WPP 2024 (1 January); GDP: WDI NY.GDP.MKTP.KD. File: raw_data/Base_Macro-Economic_and_Demographic_Data_Projections.xlsx, sheet 1, cols A, C, N, P"
2059,394106890,2955500655852,7499.236199,file projection (5%/yr GDP growth; not used by the model),"Population: UN WPP 2024 (1 January); GDP: WDI NY.GDP.MKTP.KD. File: raw_data/Base_Macro-Economic_and_Demographic_Data_Projections.xlsx, sheet 1, cols A, C, N, P"
2060,397911853,3103275688644,7798.902358,file projection (5%/yr GDP growth; not used by the model),"Population: UN WPP 2024 (1 January); GDP: WDI NY.GDP.MKTP.KD. File: raw_data/Base_Macro-Economic_and_Demographic_Data_Projections.xlsx, sheet 1, cols A, C, N, P"
